{
  "users": [
    {
      "empId": "101",
      "empName": "John",
      "empDesg": "Associate Software Engineer",
      "empDept": "Database",
      "empSalary": "20000",
      "id": "a235"
    },
    {
      "id": "31a0",
      "empId": "102",
      "empName": "Suprith",
      "empDesg": "Junior Software Engineer",
      "empDept": "Web Development",
      "empSalary": "35000"
    },
    {
      "empId": "103",
      "empName": "Pruthvi",
      "empDesg": "Data Analyst",
      "empDept": "Data Science",
      "empSalary": "45000",
      "id": "716f"
    },
    {
      "id": "b7d6",
      "empId": "104",
      "empName": "Guru",
      "empDesg": "Operation Executive",
      "empDept": "Plant Manager",
      "empSalary": "60000"
    },
    {
      "id": "b26c",
      "empId": "105",
      "empName": "Sushanth",
      "empDesg": "Software Developer",
      "empDept": "Web Development",
      "empSalary": "50000"
    },
    {
      "id": "17dd",
      "empId": "106",
      "empName": "Akbar",
      "empDesg": "Maintenance Engineer",
      "empDept": "Manufacturing",
      "empSalary": "30000"
    },
    {
      "id": "8838",
      "empId": "107",
      "empName": "Saddam",
      "empDesg": "Mechanical CAD Designer",
      "empDept": "SolidWorks",
      "empSalary": "55000"
    },
    {
      "id": "36f6",
      "empId": "109",
      "empName": "Vivek",
      "empDesg": "Quality Engineer",
      "empDept": "Robotics",
      "empSalary": "80000"
    },
    {
      "id": "43b6",
      "empId": "110",
      "empName": "Pradeep",
      "empDesg": "Mechanical Engineer",
      "empDept": "Manufacturing",
      "empSalary": "65000"
    }
  ]
}